id,name,folder,category,description,keywords,trigger_phrases,zh_triggers,source_type,source_package,path
e7b693b49718,agent-runtime-lab,agent-runtime-lab,agent-security-runtime,"Use when the user asks to inspect, audit, harden, diagnose, or test local AI agent runtimes, Codex, Claude Code, MCP tools, shell hooks, tool routing, tool logs, prompt injection, repo poisoning, policy checks, or authorized security lab targets.",MCP audit; MCP安全; access; action; actions; agent; agent-runtime-lab; ai-agent; analysis; append; attack; audit; authorized; authorized.; avoid; benign.; broad; build; bypass; caches; capabilities; categories.; cc-bos; chains; check; checks; choose; chosen; classify; claude; code; codex; codex-related; command; commands; concepts; confirm; constrain; content; core; credential; cwd; defensive; dependency; descriptions; destructive; destructive-action; details; deterministic; diagnose; directories.; dumping; duration; dvwa; enabled.; engineering; entries; environment; evaluation.; events; evidence; executionpolicy; explain.; explicit; explicitly; exploit; file; files; filesystem; filtering; findings; first.; folder; folders; force; generate; git; global; harden; helper; hints; hooks; ignore; important; info; injection; inspect; inspected; inspection; instructions,MCP audit; MCP安全; prompt injection; tool routing; 提示注入,MCP安全; 提示注入; 代理运行时; 工具调用; 策略检查; 安全审计,repo-skill,repository,skills\agent-runtime-lab\SKILL.md
eca63b923ffa,animejs,animejs,animation-rendering,"Use when writing Anime.js animations in HyperFrames, converting Anime.js examples, creating timelines, registering window.__hfAnime, making motion deterministic, or fixing Anime.js preview or render behavior.",WebGL; WebGPU; accent; adapter; adapter.; add; advance; after; anim; animate; animation; animations; anime; anime.js; anime.js.; anime.running; anime.timeline; animejs; animejs.com/documentation/; asset; async; authoring; auto-discovery; autoplay; avoid; based; bash; basic; behavior.; build; building; builds; callbacks; can; care; cdn.jsdelivr.net/npm/animejs; cdn.jsdelivr.net/npm/animejs/+esm; chip; clock.; compact.; complex; composition; compute; const; contract; converting; count; counts.; create; created.; creating; credits; default.; depending; deterministic; documentation; does; dom; duration; duration.; durations; during; easeoutcubic; easeoutexpo; easing; editing; event; every; examples; explicit; expose; false; finite; fixing; flourishes; good; gsap; handlers; how; html; https; hyperframes; import; imported; independent; infinite; initialization.; instance; instance.seek; instances,,动画; 滚动动画; 三维; WebGL; WebGPU; 粒子; 着色器; 动效,repo-skill,repository,skills\animejs\SKILL.md
89cf87a8ad03,css-animations,css-animations,animation-rendering,"Use when authoring CSS keyframes, CSS-only animation, animation-delay timing, animation-fill-mode, play-state, transitions, or deterministic CSS motion for HyperFrames preview and rendering.",WebGL; WebGPU; active; adapter; adapter.; after; animated; animating; animation; animation-delay; animation-duration; animation-fill-mode; animation-iteration-count; animation-name; animation-timing-function; animations; animations.; another; authoring; available; avoid; back; background; bash; basic; because; before; belongs; best; border; border-radius; both; browser; calc; can; cannot; change.; changing; choreography; class; classes; clearer.; clip; clip.; compositions; computed; contract; controls; count; count.; covering; credits; css; css-animations; css-only; cubic-bezier; currentcolor; custom; data-duration; data-start; data-track-index; decoration.; decorative; depend; deterministic; developer.mozilla.org/en-us/docs/web/css/animation-fill-mode; developer.mozilla.org/en-us/docs/web/css/reference/properties/animation; discovers; display; div; documentation; dom; dot-pop; dots; duplicating; duration; duration.; ease-out; editing; element; elements; entrances; environments; events.; excessive.; exposes; fallback; falls; finishes.; finite,,动画; 滚动动画; 三维; WebGL; WebGPU; 粒子; 着色器; 动效,repo-skill,repository,skills\css-animations\SKILL.md
5bd9db105acf,gsap-core,gsap-core,animation-rendering,"Use when the user asks for GSAP core animation, JavaScript animation, DOM or SVG tweens, gsap.to, from, fromTo, easing, duration, stagger, defaults, matchMedia, responsive animation, reduced motion, or framework-agnostic animation.",WebGL; WebGPU; about; across; active; aliases; all; already; alternates; always; amount; animate; animates; animation; animation.; animations; another; any; application; applied; apply; are; ask; astro; auto; avoids; back.out; backgroundcolor; before; behaving; below; between; boolean; browsers.; built-in; calculated; callbacks; camelcase; center; choice.; chosen; clamp; code; code.; common; common.; complex; consistent; content; context; control; controlled.; coordinated; core; created; css; cssplugin; current; customizing.; debugging; default; defaults; delay; direction.; docs; dom; draggable; duration; dynamic; dynamically; e.g.; each; ease; eases; easing; elastic.out; element; elements; elements.; end; engine; entrances; environment; equivalent; especially; etc.; expected; explaining; explicit; false,,动画; 滚动动画; 三维; WebGL; WebGPU; 粒子; 着色器; 动效,repo-skill,repository,skills\gsap-core\SKILL.md
82d88a5ce46f,gsap-frameworks,gsap-frameworks,animation-rendering,"Use when using GSAP with Vue, Nuxt, Svelte, SvelteKit, onMounted, onMount, onDestroy, framework lifecycle cleanup, scoped selectors, or non-React component animation.",WebGL; WebGPU; after; all; also; always; animation; animation.; animations; api; app; application; apply; are; argument; autoalpha; available; box; call; callback; called.; class; clean; cleanup; code; component; composable; composables/usegsap.ts; composition; const; container; container.value; create; created; cssruleplugin; ctx; ctx.revert; custombounce; customease; customwiggle; default; demonstrating; detached; div; dom; dom.; draggable; drawsvgplugin; duration; dynamically; e.g.; easelplugin; easepack; elements; equivalent; examples/nuxt/; examples/vue/; export; extensively; flip; framework; frameworks; gsap; gsap-core; gsap-frameworks; gsap-react; gsap-scrolltrigger; gsap-timeline; gsap.context; gsap.from; gsap.registerplugin; gsap.to; gsap/cssruleplugin; gsap/custombounce; gsap/customease; gsap/customwiggle; gsap/draggable; gsap/drawsvgplugin; gsap/easelplugin; gsap/easepack; gsap/flip; gsap/gsdevtools; gsap/inertiaplugin; gsap/morphsvgplugin; gsap/motionpathhelper; gsap/motionpathplugin; gsap/observer; gsap/physics2dplugin; gsap/physicspropsplugin; gsap/pixiplugin,,动画; 滚动动画; 三维; WebGL; WebGPU; 粒子; 着色器; 动效,repo-skill,repository,skills\gsap-frameworks\SKILL.md
70984688f1ec,gsap-performance,gsap-performance,animation-rendering,"Use when optimizing GSAP performance, animation jank, FPS, smoothness, 60fps, layout thrashing, transforms, will-change, batching, heavy scroll animation, or stuttering motion.",WebGL; WebGPU; about; achieve; actually; addeventlistener; after; all; animate; animate.; animating; animating.; animation; animations; animations.; apply; are; autoalpha; avoid; avoids; away; batch; batches; batching; best; browser; build; call; can; case; cause; causes; changes; clean; cleanup; code; compositor; consider; container; content; correctness.; cost; create; creating; css; debounce; debounced; default; delays; devices.; direct; document.queryselector; doing; dom; duration; during; e.g.; e.pagex; e.pagey; each; ease; effect.; efficient.; element; elements; every; fast; first; followers; force3d; fps; frame.; frequently; gsap; gsap-core; gsap-performance; gsap-scrolltrigger; gsap-timeline; gsap.quickto; handle; heavy; height; hints; huge; hundreds; hurt; ignore; inactive; instead; interleaving,,动画; 滚动动画; 三维; WebGL; WebGPU; 粒子; 着色器; 动效,repo-skill,repository,skills\gsap-performance\SKILL.md
7143a0227c5d,gsap-plugins,gsap-plugins,animation-rendering,"Use when the user asks about GSAP plugins such as ScrollToPlugin, ScrollSmoother, Flip, Draggable, Inertia, Observer, SplitText, ScrambleText, SVG drawing, physics plugins, CustomEase, CustomWiggle, CustomBounce, or plugin registration.",WebGL; WebGPU; about; absolute; access; accurate; acquisition; add/remove; after; all; animate; animated; animates; animating; animations; any; api; app; apply; are; auth; avoids; before; better; between; body; bounds; box; bundlers; call.; callbacks; can; capture; cards; change; changes; children; class; classes; club; club-only; code; commercial; component; config; const; constrain; container; content; core; css; cursor; custombounce; customease; customwiggle; default; description; div; docs; dom; drag; draggable; draggable.create; dragging; drawing; drawsvg; duration; during; e.g.; each; ease; easepack; easing; edgeresistance; element; elements; enable; etc.; event; every; everything; expanded/collapsed; false; faster; first; fit; fixed; flip; flip.from; flip.getstate,,动画; 滚动动画; 三维; WebGL; WebGPU; 粒子; 着色器; 动效,repo-skill,repository,skills\gsap-plugins\SKILL.md
5a8ba23ce525,gsap-react,gsap-react,animation-rendering,"Use when using GSAP with React or Next.js, useGSAP, refs, gsap.context, component cleanup, React animation hooks, or React-specific animation lifecycle issues.",WebGL; WebGPU; across; actual; added; after; all; always; animation; animations; any; app; apply; are; argument; array; automatically; available; avoid; avoiding; bad; badref; badref.current; badref.current.addeventlistener; bash; because; before; behavior; below; below.; between; box; browser.; call; callbacks; callbacks.; called; calls; can; causes; changes; children; cleaned; cleaning; cleanup; click; client.; code; component; config; const; container; containerref; context; context-safe; context.; context/ssr; contextsafe; created; ctx; ctx.revert; danger; default; defined.; dependencies; dependency; dependency/trigger; detached; does; doesn; doing; dom; during; e.g.; effect; either; element; elements; empty; endx; ensure; etc.; event; every; execute; executes; executes.; execution; flexibility; frameworks,,动画; 滚动动画; 三维; WebGL; WebGPU; 粒子; 着色器; 动效,repo-skill,repository,skills\gsap-react\SKILL.md
84b4b3e802ad,gsap-scrolltrigger,gsap-scrolltrigger,animation-rendering,"Use when building scroll-based animation with GSAP ScrollTrigger, parallax, pinning, scrub, scroll triggers, scroll-driven scenes, pinned sections, reveal-on-scroll, or ScrollTrigger debugging.",WebGL; WebGPU; actions; active; active.; add/remove; adds; after; also; animate; animation; animations; apply; are; array; available; based; basic; becomes; below.; boolean; bottom; bounds; box; building; call; callbacks; can; catch; center; changes.; children.; clamp; class; classname; cleanup; collapse; complete; config; container; containeranimation; containeranimation-based; content; creating; crossing; debugging.; default; defines; delay; description; dev; different; direct; direction; div.; docs; doesn; don; duration; e.g.; each; ease; element; element.; elements; end; endcolor; ends.; endtrigger; examples; fake; false; first; first.; fontsize; format; four; full; function; getvelocity; gsap; gsap-core; gsap-plugins; gsap-react; gsap-scrolltrigger; gsap-timeline; gsap.com/docs/v3/plugins/scrolltrigger/; gsap.registerplugin; gsap.to; height,,动画; 滚动动画; 三维; WebGL; WebGPU; 粒子; 着色器; 动效,repo-skill,repository,skills\gsap-scrolltrigger\SKILL.md
b246791db9f1,gsap-utils,gsap-utils,animation-rendering,"Use when using gsap.utils, clamp, mapRange, normalize, interpolate, random, snap, toArray, wrap, pipe, helper utilities, value mapping, or utility-driven animation logic.",WebGL; WebGPU; accept; accepts; all; allowed; animation; animations; another; another.; any; apply; are; args; argument; argument.; array; array/collection; backgroundcolor; between; blue; box; building; call; callback; callbacks; clamp; clampfn; clamping; code; color; colors; config; constrains; converting; customease; degrees; drives; duration; e.g.; each; easing; element; end; evaluates; exception; ff0000; form; form.; function; function-based; get; given; green; grid; gsap; gsap-core; gsap-plugins; gsap-scrolltrigger; gsap-timeline; gsap-utils; gsap.; gsap.com/docs/v3/gsap/utilitymethods/random; gsap.to; gsap.utils; gsap.utils.clamp; gsap.utils.interpolate; gsap.utils.maprange; gsap.utils.normalize; gsap.utils.random; gsap.utils.snap; handler; handles; handling; helper; helpers; https; immediate; inmax; inmin; input; inputs; instead; interpolate; interpolates; inverse; item; javascript; keys.; last,,动画; 滚动动画; 三维; WebGL; WebGPU; 粒子; 着色器; 动效,repo-skill,repository,skills\gsap-utils\SKILL.md
348fcfcc05a4,tailwind,tailwind,animation-rendering,"Use when using Tailwind CSS v4 in HyperFrames, hyperframes init --tailwind, Tailwind utility classes, CSS-first theme tokens, browser runtime Tailwind, v3 vs v4 syntax issues, or compiling Tailwind for compositions.",WebGL; WebGPU; absolute; adapter.; add; after; animated; another; apis; appear; appears; apply.; aspect-video; assume; attributes; auto-detects; avoid; balance; bare; base; bash; before; behavior; beyond; bg-; bg-blue-500; bg-rose-500; bg-zinc-950; block; block.; blue; border; border-white/20; browser; browser-runtime; browser.; browsers.; build; but; calc; can; capture; capture.; careful; cdn.tailwindcss.com; changed; check; class; classes; cli.; clip; clock-based; color; color-brand; colors; colors.; compile; compiled; compiling; complete; components; composition; composition.; compositions; compositions.; config; content; contract; created; css; css-first; current; custom; data; data-; data-duration; data-start; data-tone; data-track-index; default; define; deterministic; deterministically.; dimensions; directives.; directly; div; document; draft; dynamic,,动画; 滚动动画; 三维; WebGL; WebGPU; 粒子; 着色器; 动效,repo-skill,repository,skills\tailwind\SKILL.md
680fc203288b,three,three,animation-rendering,"Use when creating Three.js, WebGL, 3D scenes, canvas layers, cameras, shaders, AnimationMixer timelines, deterministic renders, or HyperFrames hf-seek driven 3D animation.",WebGL; WebGPU; adapter; adapter.; after; all; alpha; animation; animation.; animationmixer; animationmixer.settime; antialias; are; assets; authored; avoid; bash; basic; before; block; camera; camera.position.set; cameras; can; canvas; cdn.jsdelivr.net/npm/three; clip; clips; clock; color; completes.; composition; const; contract; create; creating; credits; css; customevent; data; date.now; deltas; depend; dependent; derived; detail; deterministic; device-pixel-ratio; directly; dispatches; display; docs; document.getelementbyid; does; driven; each; editing; esm; event; event.detail.time; exact; exactly; exist; false; fetch; frame; frame.; free-running; function; gltf; good; hdris; height; hf-seek; history; html; https; hyperframes; import; inside; its; layers; leaving; lint; listen; load; loaded; loading; local; loop.,,动画; 滚动动画; 三维; WebGL; WebGPU; 粒子; 着色器; 动效,repo-skill,repository,skills\three\SKILL.md
dc01d3ab4977,typegpu,typegpu,animation-rendering,"Use when creating TypeGPU or raw WebGPU visuals, WGSL shaders, compute pipelines, GPU particles, liquid glass effects, navigator.gpu canvas layers, or HyperFrames hf-seek driven WebGPU scenes.",WebGL; WebGPU; adapter; adapter.; adapter.requestdevice; added; after; against; all; alpha; alphamode; any; approach; areas; aroll; async; asynchronously; averages; await; basic; before; bgtex; bilinear; bind; bindgroup; blur; blur.; buffers; build; but; call; can; canvas; canvas.getcontext; canvas.height; canvas.width; cap; cap-1; caption; captions; captured.; catch; caveat; check; chromatic; chrome; clear; clearvalue; colorattachments; composite; composition; compute; const; content.; contract; copyexternalimagetotexture; create; createview; creating; ctx; ctx.configure; ctx.getcurrenttexture; customevent; decoded; detail; device; device.createbuffer; device.createcommandencoder; device.createtexture; device.queue.copyexternalimagetotexture; device.queue.onsubmittedworkdone; device.queue.submit; device.queue.writebuffer; dispatches; distortion; document.getelementbyid; does; downsample; draw; drive; driven; duration; during; e.detail.time; each; effect; effects; ele; elements; elements.,,动画; 滚动动画; 三维; WebGL; WebGPU; 粒子; 着色器; 动效,repo-skill,repository,skills\typegpu\SKILL.md
298403e25262,waapi,waapi,animation-rendering,"Use when authoring Web Animations API motion, element.animate, Animation currentTime, KeyframeEffect timing, fill modes, document.getAnimations, native browser animations, or deterministic WAAPI rendering in HyperFrames.",WebGL; WebGPU; adapter; adapter.; after; animating; animation; animation.currenttime; animation.finished; animation.pause; animations; api; are; assuming; authoring; automatic.; avoid; bash; basic; both; browser; callbacks; calls; can; class; clip; clip-local; clocks; composition; const; contract; controlled; create; creation; credits; css; cubic-bezier; currenttime; data-duration; data-start; data-track-index; data.; delay; delays; dependency.; depending; deterministic; developer.mozilla.org/docs/web/api/web_animations_api/using_the_web_animations_api; developer.mozilla.org/en-us/docs/web/api/animation/currenttime; div; document-level; document.getanimations; document.getelementbyid; document.queryselectorall; dom; dom.; duration; during; each; easing; editing; element; element.animate; express; fill; finite; first; foreach; generated; good; gsap; guide; html; https; hyperframes; hyperframes.; index; infinite; initialization.; it.; iterations; its; javascript-created; keyframeeffect; keyframes; layout; let; lightweight; lint; mdn,,动画; 滚动动画; 三维; WebGL; WebGPU; 粒子; 着色器; 动效,repo-skill,repository,skills\waapi\SKILL.md
46c987356e60,agency-agents,agency-agents,content-knowledge-marketing,"Use when the user asks to consult, activate, invoke, or roleplay a specialist agent such as frontend, backend, UI, UX, product, marketing, sales, finance, academic, game, spatial, support, testing, strategy, expert, persona, or agency role.",GEO; Obsidian; SEO; UGC脚本; academic; acceptance; activate; ads; advisory; agency; agency-agents; agent; agents; apply; architecture; are; are...; backend; before; being; code; codex; consult; content; criteria; current; data; databases; descriptions; design; developer; devops; division; doing; domain; engineering; evaluation; expert; files; finance; fit; frontend; full; game; game-development; geography; grouped; growth; guardrail; guidance; higher-priority; hints; history; identify; ignore; important; installed; instruction-priority; instructions.; invoke; language; launches; library.; local; markdown; marketing; matching; more; mvps; name; names; needed; not; one; only; outcome.; overrides.; paid-media; permission; persona; personas; pick; planning; preserving; pricing; product; project-management; prompts; psychology; read,,短视频hook; 广告开头; UGC脚本; 知识库; 双链笔记; Obsidian; SEO; GEO,repo-skill,repository,skills\agency-agents\SKILL.md
52fc297e9ac0,hook-skills,hook-skills,content-knowledge-marketing,"Use when the user asks for short-video hooks, TikTok, Reels, Shorts, UGC scripts, ad openings, first lines, first-three-seconds optimization, landing-page hooks, SEO intros, GEO intros, curiosity-gap copy, pain-point angles, or product feature hooks.",GEO; Obsidian; Reels; SEO; Shorts; TikTok; UGC脚本; about; about.; absolute; absorption; abstract; accumulated; accumulating; acne; action; addiction; advantage; aftercare; age; already; angles; answer; answer.; any; appearance; applying; asked; aspiration; attacks; attention; attraction; attractive; auditing; aversion; avoid; bank; beauty; beauty/skincare/microneedling; become; before; best; better; boundary; breakdown; but; can; card; care; case; catchy; certainty.; change.; checklist; checks; claim; claims; claims.; clarity; clear; click; close; cognitive; collagen; comment; compare; compare.; comparison; compliance; confidence; connect; connection; content; content.; continuation; continue.; contradiction; contrast; control; copy; core; create; creates; credibility; criteria; cure; curiosity; curiosity-gap; curiosity.; daily,Reels; Shorts; TikTok; first 3 seconds; viral hook; 广告开头; 短视频hook,短视频hook; 广告开头; UGC脚本; 知识库; 双链笔记; Obsidian; SEO; GEO,repo-skill,repository,skills\hook-skills\SKILL.md
734baaea2633,obsidian-llm-wiki-builder,obsidian-llm-wiki-skill,content-knowledge-marketing,"Use when the user asks to organize Obsidian notes, personal knowledge management, LLM-assisted reading notes, wiki links, tags, templates, indexes, evergreen notes, vault structure, note cleanup, or knowledge workflows.",GEO; Obsidian; SEO; UGC脚本; actions; add; alone.; already; any; archived; are; arguments; article; articles; assumptions; atomic; author/source; avoid; back; backlinks; bar; become; body; book; broad; build; builder; can; capture; case; category.; caused; chapter; chat; checklists.; chinese; chinese.; citations; claim-style; claims.; cleanup; clear; clearly.; completed; concept; concepts; concise; concrete; connection; consistent; contains; content; context; context.; convention; convert; core; counterpoints; create; created; creating; current; daily; daily-note; date; dates; default; describe; diagnosis; distill; documents.; domains.; duplicate; durable; each; edits.; end; english; evergreen; evergreen notes; every; evolve; examples; excerpts; existing; explanation; explicit; express; extract; facts,backlinks; evergreen notes; vault; 双链笔记; 知识库,短视频hook; 广告开头; UGC脚本; 知识库; 双链笔记; Obsidian; SEO; GEO,repo-skill,repository,skills\obsidian-llm-wiki-skill\SKILL.md
cfb323a13826,dispatching-parallel-agents,dispatching-parallel-agents,debugging-code-quality,"Use when a task has two or more independent workstreams, parallel subtasks, separate files, independent research tracks, or can be split among subagents without shared state or sequential dependency.",abort; aborted; about; across; actual; adjusting; affect; after; agent; agent-tool-abort.test.ts; agents; all; also; among; approval; arbitrary; are; batch; batch-completion-behavior.test.ts; behavior; between; box; broad; broken; bugs; but; can; capture; cause; causes; change; changed; changes; claude; clear; code; common; completed; completion; concurrently; concurrently.; cond; condition; conflict; constraints; construct; context; context.; coordination; core; count; crafting; create; debugging; decision; delegate; dependency.; diamond; different; digraph; dispatch; dispatching; dispatching-parallel-agents; doesn; domain; domain.; domains; don; dot; each; editing; ensure; entire; environment; error; event-based; everything; exactly; example; executing; execution; expectations; expected; expects; exploratory; failing; failure; failures; fast; file,,报错; 修复; 排查; 跑不起来; 失败; 崩溃; 卡住; 测试失败; 代码审查; 验收,repo-skill,repository,skills\dispatching-parallel-agents\SKILL.md
54e21c23e5d9,finishing-a-development-branch,finishing-a-development-branch,debugging-code-quality,"Use when implementation is complete and the user needs to finish a branch, decide next integration steps, prepare merge or PR options, clean up work, summarize tests, or choose how to land completed changes.",add; after; alive; all; always; announce; any; anything; as-is; ask; back; base; base-branch; bash; before; body; branch; branches; bullets; cannot; cargo; cat; changed; changes.; checkout; choice; choose; chosen; clean; cleanup; cleanup.; clear; command; commit-list; commits; common; complete; complete.; completed; completing; completion; concise.; config/superpowers/worktrees/; confirm; confirm.; confirmation.; confirmed; continue; core; correct; create; created; cwd; decide; delete; detached; detect; determine; determines; dev/null; development; discard; don; done.; environment; eof; exact; exactly; execute; explanation; externally; fail; failing; failures; feature-branch; feedback.; finish; finishing; finishing-a-development-branch; first; fix; force; force-delete; get; git; git-common-dir; git-dir; git_common; git_dir; guide,,报错; 修复; 排查; 跑不起来; 失败; 崩溃; 卡住; 测试失败; 代码审查; 验收,repo-skill,repository,skills\finishing-a-development-branch\SKILL.md
9269ad71a009,karpathy-guidelines,karpathy-guidelines,debugging-code-quality,"Use when writing, reviewing, debugging, or refactoring code where simplicity, minimal changes, clear assumptions, surgical edits, readability, verification, or Andrej Karpathy-style engineering discipline matters.",abstractions; add; adjacent; after; andrej; approach; aren; ask; ask.; asked.; assume.; assumptions; back; before; behavioral; beyond; bias; brief; broken.; bug; caution; changed; changes; check; clarification.; clean; clear; code; code.; coding; comments; common; configurability; confusing.; confusion.; constant; could; create; criteria; criteria.; dead; debugging; define; delete; derived; differently.; directly; discipline; don; editing; edits; engineer; engineering; ensure; error; even; every; execution; exist; existing; exists; explicitly.; features; first; fix; flexibility; formatting.; goal-driven; goals; guidelines; handling; hide; https; implementing; imports/variables/functions; impossible; improve; independently.; inputs; interpretations; invalid; it.; judgment.; karpathy; karpathy-guidelines; karpathy-style; let; line; lines; llm,,报错; 修复; 排查; 跑不起来; 失败; 崩溃; 卡住; 测试失败; 代码审查; 验收,repo-skill,repository,skills\karpathy-guidelines\SKILL.md
dd1394d909a9,receiving-code-review,receiving-code-review,debugging-code-quality,"Use when the user gives code review feedback, requested changes, reviewer comments, inline comments, unclear suggestions, questionable advice, or asks to address review feedback before implementation.",about; absolutely; acknowledging; acknowledgment; act; action; actions; actual; add; address; advice; afoot; after; against; agreement; all; any; anything; anyway; apology; architectural; are; ask; assuming; assuming.; avoiding; back; bad; batch; because; before; blind; blocking; both; breaks; brief; but; called.; can; carefully; catch; catching; changed; changes; check; checked; circle; clarification; clarify; clarifying; claude.md; code; codebase; comfort; comfort.; comments; common; complete; complex; conflicts; context; core; correct; correct.; correcting; correction; correctness; current; decisions; defending; defensiveness; delete; description; direction; discuss; does; don; each; easily; emotional; endpoint; evaluate; evaluation; example; examples; excellent; exist; existing; explicit; expression,,报错; 修复; 排查; 跑不起来; 失败; 崩溃; 卡住; 测试失败; 代码审查; 验收,repo-skill,repository,skills\receiving-code-review\SKILL.md
bd3d57d881ab,remotion-to-hyperframes,remotion-to-hyperframes,debugging-code-quality,"Use when the user explicitly asks to port, convert, migrate, translate, or rewrite an existing Remotion React video composition into a HyperFrames HTML composition.",a/b-testing; absolutefill; after; against; all; animated; antd; any; api; are; asking; async; audio; authoring; based; baseline; becomes; blocker; blockers; bottom; build.; but; calculatemetadata; calls; can; canonical; carrying; case; chakra; cleanly; code; comp; composition; composition-id; composition.; compositions; compositions.; config; construct; containing; contains; convert; corpus; css; custom; data-; data-composition-id; data-duration; data-fps; data-height; data-start; data-track-index; data-width; default; defaultprops; delayrender; deps; derivation; detects; direct; directory.; div; divs; don; doubt; drop; dropping; drops; easing; emit; encodes; equivalent; equivalents; eval; even; every; example; existing; explicitly; family; fires; fit; fixtures; flat; font-face; font.loadfont; fonts.md; freeze; fresh; gap,,报错; 修复; 排查; 跑不起来; 失败; 崩溃; 卡住; 测试失败; 代码审查; 验收,repo-skill,repository,skills\remotion-to-hyperframes\SKILL.md
ab17eea11540,requesting-code-review,requesting-code-review,debugging-code-quality,"Use when work is complete or near complete and the user wants review, asks to check implementation quality, verify requirements, find risks, review before merge, or inspect a major feature before shipping.",a7981ec; act; ad-hoc; add; added; after; apply; architecture; argue; assessment; awk; back; base_sha; baseline; bash; because; before; brief; bug; built; but; cascade.; catch; check; checkpoints; clarification; clean; code; code-reviewer.md; code/tests; commit; complete; completed; completing; complex; compound; context; continue; continued; core; crafted; critical; description; development; df7661; dispatch; docs/superpowers/plans/deployment-plan.md; each; early; ending; evaluation; example; executing; feature; feedback; fill; find; fix; fixing; flags; focused; fresh; function; general-purpose; get; gets; git; grep; head; head_sha; history.; how; ignore; immediately; implementation; important; indicators; inspect; integration; interval; issue; issues; just; keeps; later; let; log; magic; main; major,,报错; 修复; 排查; 跑不起来; 失败; 崩溃; 卡住; 测试失败; 代码审查; 验收,repo-skill,repository,skills\requesting-code-review\SKILL.md
e37fd224ba77,systematic-debugging,systematic-debugging,debugging-code-quality,"Use when something is broken, failing, crashing, hanging, flaky, slow, behaving unexpectedly, tests fail, commands error, setup does not work, or the user asks to debug, fix, diagnose, troubleshoot, inspect logs, 排查, 修复, 报错, 卡住, or find root cause.",actual; add; address; against; already; always; analysis; analyze; any; api; app; applying; are; ask; assume; assumptions; attempting; automated; available; backward; bad; bash; because; before; behaving; behavior; between; boundary; breaks; broken; bugs; bugs.; build; call; called; can; cannot; carefully; case; cause; cause.; causes; change; changed; changes; check; clearly; code; codebase; codes; codesign; commands; commits; compare; complete; completed; completely; component; components; config; consistently; contain; continuing; core; could; crashing; create; data; database; debug; debugging; debugging.; deep; dependencies; diagnose; diagnostic; did; didn; diff; difference; differences; different; directory; does; don; down; each; echo; emergencies; enters,error; exception; logs; root cause; stack trace; 修复; 报错; 排查; 跑不起来,报错; 修复; 排查; 跑不起来; 失败; 崩溃; 卡住; 测试失败; 代码审查; 验收,repo-skill,repository,skills\systematic-debugging\SKILL.md
46b66232500d,test-driven-development,test-driven-development,debugging-code-quality,"Use when implementing any feature, bugfix, behavior change, refactor, or code modification before writing implementation code, especially when tests, expected behavior, or verification can be defined first.",actually; ad-hoc.; adapt; add; after; all; already; always; any; api; are; ask; async; attempt; attempts; attempts++; automated; await; backoff; bad; bash; because; before; behavior; behavior.; beyond; box; bug; bugfix; but; can; cases; catch; ccccff; ccffcc; change; changes; clean; clear; code; comprehensive; configuration; confirm; const; core; correctly.; defined; delete; demonstrates; describes; desired; development; diamond; didn; digraph; domain; don; dot; duplication; easy; edge; ellipse; email; enough; error; errors; especially; everything; exceptions; existing; expect; expected; exponential; extract; fail; fail.; failed; failing; fails; failure; feature; feature.; features; ffcccc; files; fillcolor; filled; first; first.; fix,,报错; 修复; 排查; 跑不起来; 失败; 崩溃; 卡住; 测试失败; 代码审查; 验收,repo-skill,repository,skills\test-driven-development\SKILL.md
aa5fb5f87b62,verification-before-completion,verification-before-completion,debugging-code-quality,"Use when claiming work is complete, fixed, passing, ready, merged, or shippable, before committing or opening PRs, or when final verification, test evidence, command output, or proof of success is needed.",about; actual; agent; agents; all; always; always.; any; applies; apply; assumed; before; believe; bottom; broken; bug; build; cannot; changed; changes; check; checklist; claim; claiming; claims; clean; code; command; command.; commit/push/pr; committing; common; communication; compilation; compiler; complete; completed; completion; completion/correctness; confidence; confident; confirm; core; correct; count; crash; create; creation; cycle; delegating; delegation; diff; different; dishonesty; does; doesn; don; done; each; efficiency.; enough; errors; etc.; evidence; exact; exceptions; excuse; execute; exhaustion; exit; expressing; expression; extrapolation; fail; failure; failures; false; features; final; fix; fixed; flags; fresh; full; function; functions; gaps; gate; good; great,,报错; 修复; 排查; 跑不起来; 失败; 崩溃; 卡住; 测试失败; 代码审查; 验收,repo-skill,repository,skills\verification-before-completion\SKILL.md
860985300ac0,writing-skills,writing-skills,debugging-code-quality,"Use when creating, editing, packaging, testing, verifying, or improving Codex skills, SKILL.md files, descriptions, trigger behavior, skill folders, skill docs, or skill deployment.",SKILL.md; about; across; adapts; additional; addressing; again; agent; agent-specific; agents; agents/skills/; agentskills.io/specification; all; answer; anthropic; anthropic-best-practices.md.; api; applied; applies; apply; approach; approaches.; are; authoring; automate; background; baseline; before; before/after; behavior; benefit; best; broadly; bullet; bullets; calls; case; cases; characters; chars; claude; claude.md; claude/skills; close; code; codex; common; comparison; complement; compliance; complies; comply; comprehensive; concept; concepts; concrete; condition-based-waiting; conditions; constraints; contexts; conventions; core; create; creating; creation; critical; cso; cycle; cycle.; decide; decision; defines; deployment.; describes; description; descriptions; development; didn; directories; directory; discovery; docs; document; documentation; documentation.; does; don; editing; effective; else,SKILL.md; skill description; trigger behavior; 技能触发; 触发描述,报错; 修复; 排查; 跑不起来; 失败; 崩溃; 卡住; 测试失败; 代码审查; 验收,repo-skill,repository,skills\writing-skills\SKILL.md
a0f1a58f22ea,contribute-catalog,contribute-catalog,hyperframes-video,"Use when the user explicitly wants to contribute a HyperFrames registry block, caption style, VFX block, transition, lower third, text effect, overlay, snippet, catalog component, upstream PR, or public registry item.",abbreviation; absolute; acceptable; active; adapt; adjust; align-items; all; always; animates; animation; any; apply; ask; avoid; based; bash; block; block-name; blocks; bottom; build; building.; call; cap-hormozi; cap-typewriter; caption; card; cards; catalog; category; cdn; center; centered; ch-; char; character; characters; clarify; clobbers; collisions; color/scale; component; component-name; component.; components; composition; compositions/; compositions/components/; computed; console; contribut; contribute; contribute-catalog; convention; copy-paste; correct; create; css; cursors/decorative; data-composition-id; date.now; description; dimensions; display; docs/images/catalog/; duration; duration.; each; effect; effects; element; elements; errors; every; example; explicitly; files; fixed; flex; font; fonts.; full; function; g.end; generate; global; group; groupel; gsap,,做视频; 字幕; 配音; 视频合成; 网页转视频; 网址做成视频; 链接做视频; 宣传片; 产品视频; 产品宣传视频,repo-skill,repository,skills\contribute-catalog\SKILL.md
a5ec05e360d3,gsap,gsap,hyperframes-video,"Use when writing GSAP animations in HyperFrames, using gsap.to, from, fromTo, timelines, easing, stagger, labels, nesting, playback, transforms, quickTo, or deterministic GSAP motion for video compositions.",absolute; accent; accessibility; adapter.; after; aliases; alignment; all; also; alternates; always; amount; animate; animations; apply; argument; async; auto; auto-reverts; autoalpha; avoid; back; back.out; backgroundcolor; before; bounce; box; build; built-in; call; callbacks.; camelcase; ccw; cdn.jsdelivr.net/npm/gsap; center; circ; clearprops; code; combine; comma-separated; common; common.; complete.; composition; compositions.; compute; const; context; context.conditions; contract; controlling; controls; coordinate; core; create; creating; css; current; data-composition-id; default; defaults; deg; delay; deterministic; direction; directional; dist/gsap.min.js; don; duration; duration.; durations.; e.g.; each; ease; eases; easing; elastic; elastic.out; end; end.; ends; entrances; equal; equivalent; event; exact; explicit; expo; false; finite,,做视频; 字幕; 配音; 视频合成; 网页转视频; 网址做成视频; 链接做视频; 宣传片; 产品视频; 产品宣传视频,repo-skill,repository,skills\gsap\SKILL.md
b165c9b85cad,hyperframes,hyperframes,hyperframes-video,"Use when creating HyperFrames video compositions, HTML-based videos, animated scenes, captions, subtitles, voiceovers, audio-reactive visuals, title cards, overlays, transitions, marker sweeps, hand-drawn highlights, or full video production workflows.",accuracy; add; additional; adjust; against; agent; alternative; always; ambient; ambitious.; animate; animated; animation; any; appearance.; approach; approaches.; appropriate.; arc; are; ask; asked.; attributes; audience; audio; audio-reactive; available; b82f6; back; beats.; before; below.; best; both; brand; brand.; browse; browser; build; built-in; but; can; captions; captions.; card; cards; carry; casings; check; choice; clip; clips; closest; color; colors; colors/fonts; come; committed; composition; compositions; configures; consider; consistent; constraints.; consumers; content; conversation.; copies; correctly; create; creating; css; dark; data-; declare; define; defines; demo; design; design.md; developers; differ; different; direction; directory; discovery; discovery.; does; don; downstream,,做视频; 字幕; 配音; 视频合成; 网页转视频; 网址做成视频; 链接做视频; 宣传片; 产品视频; 产品宣传视频,repo-skill,repository,skills\hyperframes\SKILL.md
bb7ce6d28544,hyperframes-cli,hyperframes-cli,hyperframes-video,"Use when running or troubleshooting HyperFrames CLI commands such as init, lint, inspect, preview, render, doctor, browser, info, upgrade, build environment checks, or npx hyperframes dev loops.",actual; add; after; agent; agent-readable; alias; all; ancestor; animation; are; audio; audited; author; automatically.; available; back; bash; before; blank; box; browser; bubble; bubbles; bubbles/containers; build; but; byte-identical; canvas; canvas.; captions; cards; catches; changes.; checks; children; chrome; ci/agents; classes; cli; clip.mp4; clipped; clipping; codex-openai-video; coding; collapsed; commands; compact; compatibility; composition; compositions; compositions/; container; containers; context; copies; creates; creating; current; custom; data-composition-id; data-layout-allow-overflow; data-layout-ignore; decision-tree; decorative; default; delivery; denser; dev; directory; docker; doctor; draft; editing; element; entrance/exit; environment; errors; escaping; especially; everything; example; explicit; extending; fail; fast; ffmpeg.; file; files; final; final.mp4,,做视频; 字幕; 配音; 视频合成; 网页转视频; 网址做成视频; 链接做视频; 宣传片; 产品视频; 产品宣传视频,repo-skill,repository,skills\hyperframes-cli\SKILL.md
48b637fe9afb,hyperframes-media,hyperframes-media,hyperframes-video,"Use when preparing HyperFrames media assets, generating TTS voiceover, choosing voices, transcribing audio or video, creating captions from speech, removing image or video backgrounds, or chaining TTS, transcription, and captions.",accents; accessibility; added; af_heart; af_nova; af_sky; after; all; am_adam; am_michael; american; api; approachable; appropriate; apt-get; array; assets; audio; audio.mp3; audio/video; authoritative; auto-detection; auto-detects; avatar; background; backgrounds; backwards; base; bash; benefit; bf_emma; bm_george; brazilian; brew; british; cache/hyperframes/; cache/hyperframes/tts/; cached; caches; caption; caption-quality; captions; captions.; carefully; casual; chaining; checks; choosing; cleaning; clear; cli; clips; code; codes; commands; compatibility.; complex; composition; compositions; consume; content; content.; conventions.; creating; default; demo; destroys; documentation; downloads; drop; during; each; easy; ef_dora; element; empieza; en-gb; en-us; encode; end; energetic; english; english.; es.wav; espeak-ng; every; existing; explicitly; fast; fastest,,做视频; 字幕; 配音; 视频合成; 网页转视频; 网址做成视频; 链接做视频; 宣传片; 产品视频; 产品宣传视频,repo-skill,repository,skills\hyperframes-media\SKILL.md
f6ce99c2a564,hyperframes-registry,hyperframes-registry,hyperframes-video,"Use when installing, adding, wiring, or discovering HyperFrames registry blocks or components, using hyperframes add, editing hyperframes.json, merging component snippets, or connecting registry items to index.html.",add; adding; after; any; appears; are; assets; attributes; available; bash; before; block; blocks; blocks.; browse; calls; canvas; ci/headless; cli; clipboard; code; comment; component; components; components.; composition; composition.; compositions; compositions/; compositions/components; compositions/components/; compositions/components/grain-overlay.html; compositions/data-chart.html; configurable; connecting; contains; content; copy; css; curl; data-chart; data-composition-id; data-composition-src; data-duration; data-height; data-start; data-track-index; data-width; default.; description; details; details.; dimensions; dir; directly; discover; discovering; discovery; discovery.md; div; duration; e.g.; each; editing; effect; elements; example; examples; existing; exposes; file; files; filtering; front; full; grain-overlay; gsap; higher; host; how; html; html.; https; hyperframes; hyperframes-registry; hyperframes.json; include; included; index.html; index.html.,,做视频; 字幕; 配音; 视频合成; 网页转视频; 网址做成视频; 链接做视频; 宣传片; 产品视频; 产品宣传视频,repo-skill,repository,skills\hyperframes-registry\SKILL.md
64b4a7119178,lottie,lottie,hyperframes-video,"Use when embedding Lottie or dotLottie animations in HyperFrames, using lottie-web, .lottie files, @lottiefiles/dotlottie-web, After Effects exports, window.__hfLottie, or deterministic Lottie rendering.",accents; adapter; adapter.; after; airbnb; all; already; anim; animation; animations; apis; are; asset; assets; assets/; assets/logo-reveal.json; assets/product-flow.lottie; assuming; asynchronously; autoplay; avoid; backgroundanim; bash; because; block; both; browser; can; canvas; cdnjs.cloudflare.com/ajax/libs/bodymovin/5.12.2/lottie.min.js; class; composition; confettianim; const; container; contract; correctly; credits; css; css.; decorative; depending; deterministic; developers.lottiefiles.com/docs/dotlottie-player/dotlottie-web/methods; dimensions; display; div; document.getelementbyid; dotlottie; each; editing; effects; embedding; encoded; every; explicitly; export.; exports; false; file; files; first.; fit; frame; github.com/airbnb/lottie-web; github.com/airbnb/lottie-web/wiki/loadanimation-options; good; gotoandstop; has; height; html; html.; https; hyperframes; icon; iconanim; inspected; its; json; keep; known; lint; load; loadanimation; loading; local; logo; logo-lottie; loop; loop.,,做视频; 字幕; 配音; 视频合成; 网页转视频; 网址做成视频; 链接做视频; 宣传片; 产品视频; 产品宣传视频,repo-skill,repository,skills\lottie\SKILL.md
abaa455d40b3,website-to-hyperframes,website-to-hyperframes,hyperframes-video,"Use when the user provides a website URL or link and wants a HyperFrames video, promo, product tour, social ad, launch video, capture, website-to-video conversion, or says turn this site into video content.",about; accents; active; against; agent; align; already; any; approve.; approved; arc; architecture; are; artifact; ask; asset; assets; assets.; audience.; audio; autonomous; back.; background; beat; beat-by-beat; beats; beats.; been; before; billboard-per-beat; blocks; both; brand; build; building; can; captions; captions.; capture; captured; ceil; cheat; checklist; choices; chosen; collaborative; color; colors; communicate; complex; component; compositions; compositions.; compositions/beat-n.html; computed; concept-first; constraints; content; content.; contents; conversion; count; covering; create; critically; data; decide; deep-dive; default; deliver; delivering.; depth; design-styles.json; design.md; directly; document.; does; driver; duration; duration_seconds; durations.; each; either; elevenlabs; end.; errors; every; exact; exist; exists,turn site into video; website to video; 产品宣传视频; 网址做成视频; 网站做视频; 网页转视频; 链接做视频,做视频; 字幕; 配音; 视频合成; 网页转视频; 网址做成视频; 链接做视频; 宣传片; 产品视频; 产品宣传视频,repo-skill,repository,skills\website-to-hyperframes\SKILL.md
63c0449d8634,openai-docs,openai-docs,openai-api-apps,"Use when the user asks how to build with OpenAI products or APIs and needs up-to-date official documentation with citations, help choosing the latest model for a use case, or model upgrade and prompt-upgrade guidance; prioritize OpenAI docs MCP tools, use bundled references only as helper context, and restrict any fallback browsing to official OpenAI domains.",API key; ChatGPT应用; OpenAI接口; accurately.; active; add; after; agent; agentic; agents; alias; also; always; ambiguous; any; apache; api; api-backed; api/provider; apis; app; approval.; apps; are; artifact.; ask; attempt; authoritative; available; available.; back; baselines; both; broader; browse; browsing; build; building; bundled; can; case; changes; chat; chatgpt; chatgpt.; choosing; citations; clarify; clear; cli; code.; codex; codex.; coding; command; command.; comparisons; completions; component; comprising; conceptual; configure; content.; context; conversation.; conversations.; credential; current; debug; default-model; defaults; derived; designed; developer; developer-docs; developers.openai.com; developers.openai.com/api/docs/guides/latest-model.md; developers.openai.com/mcp; development; direct; directly; directly.; disclose; discover; doc; docs; docs-only; documentation; domains.; due,,OpenAI接口; API key; 智能体; 模型; ChatGPT应用; 评测,repo-system,.system,skills\.system\openai-docs\SKILL.md
d1f8e30c241e,brainstorming,brainstorming,routing-process,"Use when starting creative work, feature design, behavior changes, app components, product ideas, UI flows, content direction, or any request that needs intent, requirements, design, tradeoffs, or approval before implementation.",action; after; ahead; all; ambiguity; analytics; anti-pattern; any; app; applies; approaches; appropriately-scoped; approval; approval.; approved; approves; are; ask; asking; assess; assumptions; before; behavior; believe; below; below.; billing; box; brainstorm; brainstorming; break; build; building; built; but; can; cause; change; changes; chat; check; checklist; choice; clarifying; code; collaborative; combined; commit; commits; companion; complete; complexity; components; config; constraints; content; context; contradictions; conversationally; create; creative; criteria; current; cycle.; decompose; decomposed; describes; design; design.md; designs; detailed; details; dialogue.; diamond; different; digraph; direction; doc; docs; docs/superpowers/specs/yyyy-mm-dd-; don; dot; doublecircle; e.g.; each; every; explain; exploration; explore; exploring,,规划; 计划; 先想方案; 设计一下; 按计划执行; 拆任务; 并行处理; 新功能; 改行为,repo-skill,repository,skills\brainstorming\SKILL.md
2aa0e855dc75,executing-plans,executing-plans,routing-process,"Use when the user provides or approves a written implementation plan, asks to execute a plan, continue from a plan, run planned tasks, or work through checkpoints in a separate execution session.",about; access; after; all; announce; any; approach; approves; are; ask; ask.; available; based; before; better; bite-sized; blocked; blocker; blockers; branch; checkpoints; choice; clarification; claude; code; codex; complete; complete.; completed; concerns; consent; continue; create; creates; critical; critically; dependency; development; don; each; earlier; ensures; exactly; execute; executes; executing; executing-plans; execution; existing; explicit; fails; feedback; file; finishing-a-development-branch; first; follow; force; fundamental; gaps; guess; guessing.; has; help; higher; hit; human; identify; immediately; implement; implementation; in_progress; instead; instruction; integration; isolated; its; load; main/master; mark; missing; much; needs; never; note; one; options; overview; partner; plan; plan.,,规划; 计划; 先想方案; 设计一下; 按计划执行; 拆任务; 并行处理; 新功能; 改行为,repo-skill,repository,skills\executing-plans\SKILL.md
5a8d48169cc6,gsap-timeline,gsap-timeline,routing-process,"Use when sequencing GSAP animations, choreographing animation order, creating timelines, labels, nested timelines, timeline playback, position parameters, staggered sequences, or ordered motion.",about; absolute; add; addlabel; after; all; animates; animation; animation.; animations; another.; appended; apply; are; argument; before; best; both; building; call; callbacks.; can; chain; child; child.to; children.; choreographing; const; constructor; contain; controlling; controls; coordinating; create; creating; default; defaults; delay; determined; duration; e.g.; ease; ease.; eases; end; end.; ends; etc.; every; examples; forget; gsap; gsap-core; gsap-react; gsap-scrolltrigger; gsap-timeline; gsap.; gsap.timeline; inherit; inside; intro; its; javascript; keyframe-style; kill; label; label.; labelname; labelname+; labels; labels.; last; maintainable; many; master; master.add; master.to; merged; motion.; multi-step; nest; nested; nesting; new; not; official; oncomplete; one; only; onstart,,规划; 计划; 先想方案; 设计一下; 按计划执行; 拆任务; 并行处理; 新功能; 改行为,repo-skill,repository,skills\gsap-timeline\SKILL.md
eb97b9faade4,skill-router,skill-router,routing-process,"Use when choosing which local Codex skill should apply, when many installed skills may match, when routing a request by intent, or when the assistant should select the right process, coding, content, video, animation, document, agent, or security skill.",acting.; address; agency-agents; agent; agent-runtime-lab; agents; angles.; animation; animation.; animations; anime.js; animejs; api; apply; approval; approved; assistant; audits.; authoring; auto trigger; background; before; behavior; behavior.; blocks; both; brainstorming; breakers; broken; bugfixes; captions; categories; change; changes; changes.; checks.; choose; choose skill; choosing; choreography.; claiming; clamp; clean; cli; code; codex; coding; come; comments; common; complete; completed; components.; composition; compositions; concern; concrete; confirmation; consider; content; contribute; contribute-catalog; core; crashing; create; creative; css; css-animations; debugging; design; desired; deterministic; diagnostics; diagnostics.; dirty; discipline; discipline.; dispatching-parallel-agents; doctor; document; does; dom; domain; done; dotlottie; edit; effects.; environment.; execute; executing-plans,auto trigger; choose skill; natural language trigger; route skill; 技能路由; 自动触发,规划; 计划; 先想方案; 设计一下; 按计划执行; 拆任务; 并行处理; 新功能; 改行为,repo-skill,repository,skills\skill-router\SKILL.md
d7b828410b1e,subagent-driven-development,subagent-driven-development,routing-process,"Use when executing an implementation plan that has independent tasks in the current session, parallelizable steps, separable modules, or work that benefits from subagent task execution and review.",after; agents; all; also; ambiguity; answer; approves; are; asked; benefits; between; blocked; box; brainstorm; cannot; check; cluster_per_task; code; code-quality-reviewer-prompt.md; commits; complete; complete.; compliance; confirms; construct; context; context.; continue; continuous; coordination; core; coupled; crafting; create; current; delegate; development; diamond; digraph; dispatch; dispatching; dot; each; ensure; entire; exactly; execute; executing; executing-plans; execution; extract; fast; faster; fillcolor; filled; final; finishing-a-development-branch; first; fixes; focused; fresh; full; gaps; genuinely; has; have; high; history; human; human-in-loop; implementation; implementer; implementer-prompt.md; implements; independent; inherit; instructions; isolated; issues; it.; iteration; label; lightgreen; manual; mark; matches; modules; more; mostly; need.,,规划; 计划; 先想方案; 设计一下; 按计划执行; 拆任务; 并行处理; 新功能; 改行为,repo-skill,repository,skills\subagent-driven-development\SKILL.md
d8ea5a4e9fdf,superpowers-gated-planning,superpowers-gated-planning,routing-process,"Use when the user asks for planning before action, wait for confirmation, plan first, gated approvals, feature design, creative work, behavior changes, coding tasks with approval gates, or implementation planning.",action; actionable; active; advance; after; ambiguous; approach; approval; approval.; approvals; approve; approves; are; artifacts; ask; autonomy; available.; before; begin.; behavior; brainstorm; but; calls; changes; changes.; checklist; choose; chosen; code; coding; combine; commits.; committed; config; confirmation; constraints; continue; conversation; counts; creation; creative; dependency; design; designing; detailed; direction.; documents; doing; edits; efficiency.; execution; execution.; exists; explicit; explicitly; explore; feature; file; files; final; first; first.; formatting; gate; gate.; gated; gates; gates.; generated; get; harmless; implement; implement.; implementation; includes; installs; intent; it.; keep; like; making; may; must; never; next; not; only; option; options; overrides,,规划; 计划; 先想方案; 设计一下; 按计划执行; 拆任务; 并行处理; 新功能; 改行为,repo-skill,repository,skills\superpowers-gated-planning\SKILL.md
4e8857302815,using-git-worktrees,using-git-worktrees,routing-process,"Use when starting feature work that should be isolated, creating or using git worktrees, protecting a dirty workspace, executing implementation plans safely, or separating branch work from current changes.",accidentally; add; already; also; alternative; always; announce; another; any; anything; apply; appropriate; are; ask; asked; asking.; auto-detect; automatically.; available; available.; back; backward; based; baseline; basename; bash; beats; before; blocked; both; branch; branch_name; build; can; cargo; cargo.toml; change; changes.; check; check-ignore; checkout.; chosen; clean; cleanup; command; commit; committing; compatibility; concluding; config/superpowers/worktrees/; consent; contents; core; create; creates; creating; creation; critical; current; declared; declines; default; denial; detached; detect; determine; dev/null; directories; directory; dirty; does; download; ensure; enterworktree; error; executing; exist; existing; explicit; externally; fails; fall; fallback; feature; fight; filesystem; finish; first.; flag.; follow,,规划; 计划; 先想方案; 设计一下; 按计划执行; 拆任务; 并行处理; 新功能; 改行为,repo-skill,repository,skills\using-git-worktrees\SKILL.md
7ddd651e2c96,using-superpowers,using-superpowers,routing-process,"Use when starting a conversation or task, deciding whether any skill applies, enforcing skill checks before clarifying questions or actions, or preventing missed skill invocation.",about; absolutely; access; action; action.; actions; activate; activate_skill; activates; adapt; adaptation; agents.md; already; always; announce; any; anything.; applies; apply; approach; are; auto-discovered; automatically; away; become; before; behavior; box; brainstormed; brainstorming; bug; build; but; can; cannot; chance; check; check.; checklist; checks; choice.; clarifications; clarifying; claude; claude.md; cli; code; codebase; codex; comes; complex.; concept; conflict; content; context; context.; control.; conversation; copilot; could; count; create; current; debugging; deciding; default; definitely; demand.; determine; diamond; digraph; direct; directly.; discip; dispatched; documentation; doesn; doing; domain-specific; don; dot; doublecircle; enforcing; enterplanmode; environments; equivalents.; even; evolve.; exactly; exactly.,,规划; 计划; 先想方案; 设计一下; 按计划执行; 拆任务; 并行处理; 新功能; 改行为,repo-skill,repository,skills\using-superpowers\SKILL.md
fafa60cdfef0,writing-plans,writing-plans,routing-process,"Use when a spec, requirements, approved design, or multi-step task needs a written implementation plan before touching code or coordinating execution.",about; above; above.; action; actual; add; after; against; agentic; almost; always; announce; any; approach; appropriate; approved; architecture; are; assert; assume; assuming; bash; been; before; best; bite-sized; blocks; boundaries; brainstorming.; breaking; broken; builds; but; can; cases; change; changes; check; checkbox; checklist; clear; code; codebase; codebases; commands; commit; commits; commits.; complete; component; comprehensive; consistency; contain; content; context; coordinating; coverage; covers; create; created; decisions; decomposition; decomposition.; def; default; defined; defining; describe; describing; design; details; developer; dispatch.; docs; docs/superpowers/plans/yyyy-mm-dd-; document; domain.; don; dry; dry.; during; each; edge; edits; engineer; error; established; every; everything; exact,,规划; 计划; 先想方案; 设计一下; 按计划执行; 拆任务; 并行处理; 新功能; 改行为,repo-skill,repository,skills\writing-plans\SKILL.md
5a4da158278f,imagegen,imagegen,skill-authoring-local-diagnostics,"Use when generating or editing raster images, AI-created bitmap visuals, photos, illustrations, textures, sprites, mockups, transparent cutouts, image variants, or reference-based visual assets rather than SVG, vector, code-native, HTML, CSS, or canvas visuals.",after; ai-created; alpha.; already; antialiased; any; anything; appears; are; argument; art; ask; asked; asking; asset; assets; auto-key; background; batch; batch-generate; because; before; better; bitmap; both; brainstorming; built-in; bundled; call; can; canvas; chroma-key; clean; clearly; cli; cli.; cli/api/model; code-native; codex; codex_home/; codex_home/generated_images/...; codex_home/skills/.system/imagegen/scripts/remove_chroma_key.py; complex; compositing; composition; concept; confirms; confirms.; control.; controls; copy; cover; create; creating; css; current; cutouts; default; default.; describe; design; despill; destination; destination-path; destination.; diagrams; directly; docs/resources; does; doing; downgrade; edges.; edit; editable; editing; edits; else.; exactly; example; existing; exists; explain; explicitly; exposes; extending; fails; fallback; fallback-only; fallback.; file,,创建技能; 修改技能; 技能触发; 本地诊断; 扫描目录; 运行环境; 技能打包,repo-system,.system,skills\.system\imagegen\SKILL.md
1de6cf7def62,local-skill-enhanced,local-skill-enhanced,skill-authoring-local-diagnostics,"Use when the user asks to inspect local project files, list files, scan the workspace, show runtime info, run safe diagnostics, check current directory, whoami, shell routing, or basic local skill package behavior.",actions; answer; are; available; available.; basic; behavior.; bypass; change.; check; check.; codex; command; commands; current; deterministic; diagnostic; diagnostics; dir; direct; directory; dumping; enhanced; enhanced_skill.log; examples; executionpolicy; explicitly; file; files; final; helper; helpers; identify; imported; info; inspect; inspection; instead; keep; lightweight; list; listing; listings.; local; local-skill-enhanced; logging; logs; long; normal; not; only; package; package.; powershell; prefer; preserved; project; pwd; python; raw; read-only; relevant; rely; requested; requests.; result; routing; run; runtime; runtime-diagnostic; safe; scan; scripts/enhanced_local_skill.ps1; scripts/enhanced_local_skill.py; shell; shell/file; show; simple; summarize; supports; them; these; they; tools; troubleshooting; unless; usage; use; useful; userprofile,,创建技能; 修改技能; 技能触发; 本地诊断; 扫描目录; 运行环境; 技能打包,repo-skill,repository,skills\local-skill-enhanced\SKILL.md
5ad08896c47f,plugin-creator,plugin-creator,skill-authoring-local-diagnostics,"Use when creating, scaffolding, validating, or updating Codex plugins, personal plugin folders, .codex-plugin/plugin.json, plugin manifests, marketplace entries, plugin ordering, or plugin availability metadata.",absolute; accepts.; add; adding; agents/...; agents/plugins/marketplace.json; agents/plugins/marketplace.json.; agents/skills/plugin-creator/scripts/create_basic_plugin.py; agents/skills/plugin-creator/scripts/validate_plugin.py; all; allowed; always; another; app.json; appear; append; are; array; assets/; authentication; availability; available; back; bash; before; belongs; both; brand-new; category; chars.; code/plugins; codex; codex-plugin/plugin.json; codex.; collapsed; companion; consecutive; contain; containing; converted; create; created; creates; creating; creation; creator; default; defaults; destination; directory; displayname; does; each; edit; either; entries; entries.; entry; entry.; example; exist; existing; explicitly; file; fills; first; folder; folders; force; gating.; generate; generate/adjust; generated; gives; handing; hooks/; hyphen-case; hyphen-delimited; hyphens; include; individual; ingestion; inside; installation; installed_by_default; intentionally; interface; interface.displayname; it.; json,,创建技能; 修改技能; 技能触发; 本地诊断; 扫描目录; 运行环境; 技能打包,repo-system,.system,skills\.system\plugin-creator\SKILL.md
c0941e710406,skill-creator,skill-creator,skill-authoring-local-diagnostics,"Use when creating, updating, designing, packaging, testing, or improving Codex skills, SKILL.md files, skill folders, specialized workflows, knowledge extensions, tool integrations, or trigger descriptions.",about; acceptable; actual; add; affects; after; agent; agents; agents/; agents/openai.yaml; all; allows; already; anatomy; another; answer; apis; approach.; approaches; appropriate; are; artifacts; assets; assets/; assumption; avoid; before; behavior; behavior.; being; body; brand; bridge; bug; bundled; business; can; capabilities; challenge; chips; clear; cliffs; code; codex; color; company-specific; complex; comprehensive; concise; conclusions; configuration; consistency; consists; constraints; contains; context; context.; conversation; core; cost; create; create skill; creating; creator; critical; decisions; default; default_prompt; definitions; degrees; depend; describing; description; descriptions; descriptions.; designing; determine; deterministic; deterministically; diffs; display_name; documentation; does; doesn; domain; domains; during; each; effective; else,create skill; new skill; 创建skill; 创建技能; 技能打包; 更新skill,创建技能; 修改技能; 技能触发; 本地诊断; 扫描目录; 运行环境; 技能打包,repo-system,.system,skills\.system\skill-creator\SKILL.md
5ca5dacb477f,skill-installer,skill-installer,skill-authoring-local-diagnostics,"Use when listing, installing, importing, or updating Codex skills from curated sources, GitHub repositories, private repos, zip packages, local folders, or into $CODEX_HOME/skills.",aborts; about; accessed; accordingly; after; all; already; also; annotations; another; api.; approximately; are; ask; auth/permission; auto; available; back; based; basename; behavior; but; can; checkout.; codex; codex/skills; codex_home/skills; codex_home/skills.; codex_home/skills/; come; communication; context; credentials; curated; default; defaults; depending; dest; destination; direct; directory; do.; download; download.; each; error; errors; escalation; example; existing; exists.; exit.; experimental; explain; fails; fallback; falls; fetched; first; folders; follows; format; gh_token; git; github; github.com/; github.com/openai/skills/tree/main/skills/.curated; github.com/openai/skills/tree/main/skills/.experimental; github.com/openai/skills/tree/main/skills/.system; github_token; help; helper; helps; https; import skill; importing; including; insist; install; install skill; installed; installer; installing; installs; instead; json; just; label; like; list,import skill; install skill; zip安装; 安装skill; 安装技能; 私有库skill,创建技能; 修改技能; 技能触发; 本地诊断; 扫描目录; 运行环境; 技能打包,repo-system,.system,skills\.system\skill-installer\SKILL.md
